Workbook
Name ORDERS: Sheet2!$A$1
Name PRODUCTS: Sheet1!$D$3

Sheet Sheet1
A1: PRODUCT ID | B1: PRODUCT | C1: PRICE | D1: ORDER STATUS
A2: 101 | B2: PRODUCT A | C2: 120 | D2: =IF(ISNA(VLOOKUP(A2,Sheet2!$B$2:$F$7,1,0)),"NOT ORDERED","ORDERED") -> ORDERED
A3: 102 | B3: PRODUCT B | C3: 150 | D3: =IF(ISNA(VLOOKUP(A3,Sheet2!$B$2:$F$7,1,0)),"NOT ORDERED","ORDERED") -> ORDERED
A4: 103 | B4: PRODUCT C | C4: 200 | D4: =IF(ISNA(VLOOKUP(A4,Sheet2!$B$2:$F$7,1,0)),"NOT ORDERED","ORDERED") -> ORDERED
A5: 104 | B5: PRODUCT D | C5: 90 | D5: =IF(ISNA(VLOOKUP(A5,Sheet2!$B$2:$F$7,1,0)),"NOT ORDERED","ORDERED") -> ORDERED
A6: 105 | B6: PRODUCT E | C6: 220 | D6: =IF(ISNA(VLOOKUP(A6,Sheet2!$B$2:$F$7,1,0)),"NOT ORDERED","ORDERED") -> ORDERED
A7: 106 | B7: PRODUCT F | C7: 130 | D7: =IF(ISNA(VLOOKUP(A7,Sheet2!$B$2:$F$7,1,0)),"NOT ORDERED","ORDERED") -> ORDERED
A8: 107 | D8: =IF(ISNA(VLOOKUP(A8,Sheet2!$B$2:$F$7,1,0)),"NOT ORDERED","ORDERED") -> NOT ORDERED | I8: PRODUCT ID | J8: PRODUCT | K8: TOTAL SALE
I9: 104 | J9: =VLOOKUP(I9,Sheet2!$B$2:$F$7,4,0) -> PRODUCT D

Sheet Sheet2
A1: ORDER ID | B1: PRODUCT ID | C1: QUANTITY | D1: TOTAL PRICE | E1: PRODUCT NAME | F1: UNIT PRICE | G1: LOOKUP | H1: DISCOUNT | I1: MAX ORDER VALUE
A2: 1 | B2: 101 | C2: 2 | D2: =C2*VLOOKUP(B2,Sheet1!$A$2:$C$7,3,0) -> 240 | E2: =VLOOKUP(B2,Sheet1!$A$2:$C$7,2,0) -> PRODUCT A | F2: =VLOOKUP(B2,Sheet1!$A$2:$C$7,3,0) -> 120 | G2: =ISERROR(VLOOKUP(B2,Sheet1!$A$2:$C$7,1,0)) -> FALSE | H2: =VLOOKUP(B2,Sheet1!$A$2:$C$7,3,0)*10% -> 12 | I2: =MAX(D2:D7) -> 880
A3: 2 | B3: 103 | C3: 1 | D3: =C3*VLOOKUP(B3,Sheet1!$A$2:$C$7,3,0) -> 200 | E3: =VLOOKUP(B3,Sheet1!$A$2:$C$7,2,0) -> PRODUCT C | F3: =VLOOKUP(B3,Sheet1!$A$2:$C$7,3,0) -> 200 | G3: =ISERROR(VLOOKUP(B3,Sheet1!$A$2:$C$7,1,0)) -> FALSE | H3: =VLOOKUP(B3,Sheet1!$A$2:$C$7,3,0)*10% -> 20
A4: 3 | B4: 105 | C4: 4 | D4: =C4*VLOOKUP(B4,Sheet1!$A$2:$C$7,3,0) -> 880 | E4: =VLOOKUP(B4,Sheet1!$A$2:$C$7,2,0) -> PRODUCT E | F4: =VLOOKUP(B4,Sheet1!$A$2:$C$7,3,0) -> 220 | G4: =ISERROR(VLOOKUP(B4,Sheet1!$A$2:$C$7,1,0)) -> FALSE | H4: =VLOOKUP(B4,Sheet1!$A$2:$C$7,3,0)*10% -> 22
A5: 4 | B5: 106 | C5: 3 | D5: =C5*VLOOKUP(B5,Sheet1!$A$2:$C$7,3,0) -> 390 | E5: =VLOOKUP(B5,Sheet1!$A$2:$C$7,2,0) -> PRODUCT F | F5: =VLOOKUP(B5,Sheet1!$A$2:$C$7,3,0) -> 130 | G5: =ISERROR(VLOOKUP(B5,Sheet1!$A$2:$C$7,1,0)) -> FALSE | H5: =VLOOKUP(B5,Sheet1!$A$2:$C$7,3,0)*10% -> 13
A6: 5 | B6: 102 | C6: 5 | D6: =C6*VLOOKUP(B6,Sheet1!$A$2:$C$7,3,0) -> 750 | E6: =VLOOKUP(B6,Sheet1!$A$2:$C$7,2,0) -> PRODUCT B | F6: =VLOOKUP(B6,Sheet1!$A$2:$C$7,3,0) -> 150 | G6: =ISERROR(VLOOKUP(B6,Sheet1!$A$2:$C$7,1,0)) -> FALSE | H6: =VLOOKUP(B6,Sheet1!$A$2:$C$7,3,0)*10% -> 15
A7: 6 | B7: 104 | C7: 6 | D7: =C7*VLOOKUP(B7,Sheet1!$A$2:$C$7,3,0) -> 540 | E7: =VLOOKUP(B7,Sheet1!$A$2:$C$7,2,0) -> PRODUCT D | F7: =VLOOKUP(B7,Sheet1!$A$2:$C$7,3,0) -> 90 | G7: =ISERROR(VLOOKUP(B7,Sheet1!$A$2:$C$7,1,0)) -> FALSE | H7: =VLOOKUP(B7,Sheet1!$A$2:$C$7,3,0)*10% -> 9
B8: 107 | G8: =ISERROR(VLOOKUP(B8,Sheet1!$A$2:$C$7,1,0)) -> TRUE
